EAN_TEXT,Brand,Item Name,Variant,Estado,DHL
EAN00602168919271,Gran Shopping,Plancha Termofijadora Sublimadora Para Estampar,Negro,Vendible,41
EAN00602168919301,,,,Vendible,180
EAN00602168919639,Urbanfit Pro,Pelota De Yoga 75 Cm Soporta 450 Kg Crossfit,Azul,Vendible,366
EAN00602168919707,Urbanfit Pro,Trampolin Brincolin Aeróbico 91cm Tumbling Fitness,Negro,Vendible,573
EAN00602168920000,Urbanfit Pro,"Set Kit Mancuernas Pesas 2, 3 Y 5 Lbs Forro Neopreno Y Soporte",Multicolor,Vendible,1286
EAN00602822700603,Gran Shopping,Mueble Auxilar Estetica Salón De Belleza Carrito Con Ruedas,N/A,Vendible,133
EAN00602822700825,Urbanfit Pro,Barra Multifuncional Crossfit Pared 8 En 1 Dominadas Fondos,Gris,Vendible,34
EAN00608631492319,Gran Shopping,Sillon Silla Barbero Barberia Peluqueria Estetica Hidráulico,Negro,Vendible,174
EAN00608631492326,Urbanfit Pro,Barra Multifuncional Crossfit Pared 8 En 1 Dominadas Fondos,Azul,Vendible,100
EAN00608631492333,Urbanfit Pro,Barra Multifuncional Crossfit Pared 8 En 1 Dominadas Fondos,Rojo,Vendible,93
EAN00608631492555,Urbanfit Pro,Trampolin Brincolin Aeróbico 91cm Tumbling Fitness,Azul,Vendible,193
EAN00608631492562,Urbanfit Pro,Trampolin Brincolin Aeróbico 91cm Tumbling Fitness,Rojo,Vendible,711
EAN00608631492746,Urbanfit Pro,Lazo Cuerda Velocidad 3m Balinera Guaya Gym Crossfit Saltar,Rojo,Vendible,325
EAN00608631492920,Urbanfit Pro,Lazo Cuerda Velocidad 3m Balinera Guaya Gym Crossfit Saltar,Azul,Vendible,1110
EAN00610452851749,Urbanfit Pro,Barra Multifuncional Crossfit Pared 8 En 1 Dominadas Fondos,Amarillo,Vendible,30
EAN00733430532949,Jardimanía,Trampolin Brincolin Para Niños Con Red,Rojo,Vendible,916
EAN00733810235033,Jardimanía,Trampolin Brincolin Para Niños Con Red,Azul,Vendible,681
EAN00733810235064,,,,Vendible,420
EAN00733810235132,Urban Design,Silla Sillon Ejecutivo Oficina Reclinable Ergonomica,Negro,Vendible,4750
EAN00733810235156,Urbanfit Pro,Caminadora eléctrica UrbanFit Pro Gold 816 2.5HP negra Premium,Negro,Vendible,122
EAN00733810235255,Gran Shopping,Cama Camilla Salon Spa Masaje Tatoo Portatil Facial Tatuaje,Blanco,Vendible,33
EAN00733810235828,Urbanfit Pro,Colchoneta Yoga Pilates Mat Tapete Ejercicios 10mm De Grosor,Azul,Vendible,323
EAN00733810235835,Urbanfit Pro,Colchoneta Yoga Pilates Mat Tapete Ejercicios 10mm De Grosor,Lila,Vendible,754
EAN00733810236085,Gran Shopping,Cama Camilla Salon Spa Masaje Tatoo Portatil Facial Tatuaje,Negro,Vendible,79
EAN00733810236320,Gran Shopping,Camilla Para Masajes Profesional Plegable Spa Tatto,Azul,Vendible,295
EAN00733810236412,Urbanfit Pro,Caminadora Eléctrica Urbanfit Pro Gold 8000 110v Negra,Negro,Vendible,279
EAN00733810236436,Urban Design,Silla Gamer Gaming Consola Pc Ergonomica Reclinable,Rojo,Vendible,146
EAN00733810236443,Urban Design,Silla Gamer Gaming Consola Pc Ergonomica Reclinable,Azul,Vendible,1
EAN00733810236504,Jardimanía,Toldo Carpa Plegable Parasol Ideal Para Eventos 3x3 Metros,Azul,Vendible,163
EAN00733810236511,Jardimanía,Toldo Carpa Plegable Parasol Ideal Para Eventos 3x3 Metros,Blanco,Vendible,154
EAN00733810236528,Jardimanía,Toldo Carpa Plegable Parasol Ideal Para Eventos 3x3 Metros,Rojo,Vendible,332
EAN00733810236535,Jardimanía,Toldo Carpa Plegable Parasol Ideal Para Eventos 3x4.5 Metros,Azul,Vendible,290
EAN00733810236542,Jardimanía,Toldo Carpa Plegable Parasol Ideal Para Eventos 3x4.5 Metros,Blanco,Vendible,288
EAN00733810236559,Jardimanía,Toldo Carpa Plegable Parasol Ideal Para Eventos 3x4.5 Metros,Rojo,Vendible,305
EAN00733810237082,Urbanfit Pro,"Bandas Resistencia Kit Ligas Latex Yoga Calidad Premium",MUlticolor,Vendible,1000
EAN00733810237853,Gran Shopping,Aro De Luz Lampara Led 6.5 Pulgadas Control Y Porta Celular,N/A,Vendible,1472
EAN00733810237969,Urban Design,Sillas Eames Silla Minimalista Moderna Paquete De 4,Blanco,Vendible,13
EAN00733810237983,Urban Design,Sillas Eames Silla Minimalista Moderna Paquete De 4,Gris,Vendible,0
EAN00733810238249,Gran Shopping,Camilla Para Masajes Profesional Plegable Spa Tatto,Negro,Vendible,1385
EAN00733810238256,,,,Vendible,380
EAN00733810238263,Gran Shopping,Camilla Para Masajes Profesional Plegable Spa Tatto,Blanco,Vendible,185
EAN00733810238287,Urban Design,Silla Tolix Acero Vintage Comedor Casa 4 Pzs,Plateado,Vendible,8
EAN00733810238324,Urban Design,Silla para Oficina Urban Design Basic,Negro,Vendible,290
EAN00733810238393,Urban Design,Silla Gamer Gaming Consola Pc Ergonomica Reclinable,Verde,Vendible,27
EAN00733810238409,Urban Design,Silla Gamer Gaming Consola Pc Ergonomica Reclinable,Blanco,Vendible,1
EAN00733810238560,Jardimanía,Toldo Carpa Plegable Ideal Para Eventos Parasol 2x2metros,Blanco,Vendible,1
EAN00733810238577,Jardimanía,Toldo Carpa Plegable Ideal Para Eventos Parasol 2x2metros,Rojo,Vendible,1
EAN00733810238584,Urbanfit Pro,Colchoneta Yoga Pilates Mat Tapete Ejercicios 10mm De Grosor,Negro,Vendible,933
EAN00733810238607,Gran Shopping,Camilla Para Masajes Profesional Plegable Spa Tatto,Café,Vendible,170
EAN00733810238751,Urban Design,"Silla De Comedor Urban Design Dc-04, Estructura Color Blanco, 2 Unidades",Blanco,Vendible,0
EAN00733810238768,Urban Design,"Silla De Comedor Urban Design Dc-04, Estructura Color Negro, 2 Unidades",Negro,Vendible,2
EAN00733810238775,Urban Design,"Silla De Comedor Urban Design Dc-04, Estructura Color Gris, 2 Unidades",Gris,Vendible,8
EAN00733810238782,Urban Design,Set 2 Sillas Tipo Eames Tulip Asiento Acolchado Comedor Sala,Blanco,Vendible,8
EAN00733810238799,Urban Design,Set 2 Sillas Tipo Eames Tulip Asiento Acolchado Comedor Sala,Negro,Vendible,13
EAN00733810238805,Urban Design,Set 2 Sillas Tipo Eames Tulip Asiento Acolchado Comedor Sala,Gris,Vendible,0
EAN00733810238812,Urban Design,Silla Tolix Acero Comedor Sala Jardin Bar Restaurante,Negro,Vendible,1762
EAN00733810239512,Jardimanía,Carpa Toldo 3x3 Reforzado + Paredes + Funda Transportadora,Rojo,Vendible,188
EAN00733810239529,Jardimanía,Carpa Toldo 3x3 Reforzado + Paredes + Funda Transportadora,Azul,Vendible,126
EAN00733810239536,Jardimanía,Carpa Toldo 3x3 Reforzado + Paredes + Funda Transportadora,Blanco,Vendible,127
EAN00733810241911,Urbanfit Pro,Colchoneta Yoga Pilates Mat Tapete Ejercicios 10mm De Grosor,Rosa,Vendible,284
EAN06086314925004,Jardimanía,Mesa Portafolio Plegable 180cm Policarbonato Exterior Jardin,Blanco,Vendible,14
EAN07338102350642,Urbanfit Pro,Pelota de Pilates con Bomba Yoga Wod Pro 65cm Fitness Yoga,Azul,Vendible,306
EAN07338102370824,Urbanfit Pro,Bandas Resistencia Kit Ligas Latex Yoga Calidad Premium,Multicolor,Vendible,1386
EAN07338102375010,Urbanfit Pro,Ab Six Pack Care Tomic Maquina Abdominales Ejercicio Fitness,,Vendible,651
EAN07338102382568,Jardimanía,Mesa Portafolio Plegable 180cm Tipo Madera Plastico Jardin,Chocolate,Vendible,891
EAN07338102394998,Jardimanía,Mesa Portafolio Plegable 180cm Tipo Madera Plastico Jardin,Negro,Vendible,22
EAN07500463157370,Masho,Fular Gris,,Vendible,1
EAN07500764000269,Urban Design,Silla Gamer Pro Ergonomica Reclinable Oficina Escritorio,Rojo,Vendible,2
EAN07500764000276,Urban Design,Silla Gamer Pro Ergonomica Reclinable Oficina Escritorio,Negro,Vendible,3
EAN07500764001549,Urban Design,Set 4 Sillas Tipo Eames Tulip Asiento Acolchado Comedor Sala,Blanco,Vendible,12
EAN07500764001556,Urban Design,Set 4 Sillas Tipo Eames Tulip Asiento Acolchado Comedor Sala,Negro,Vendible,0
EAN07500764001563,Urban Design,Set 4 Sillas Tipo Eames Tulip Asiento Acolchado Comedor Sala,Gris,Vendible,1
EAN07500764001587,Urban Design,Silla Tipo Eames Tulip Asiento Acolchado Comedor Sala,Blanco,Vendible,42
EAN07500764001594,Urban Design,Silla Tipo Eames Tulip Asiento Acolchado Comedor Sala,Gris,Vendible,0
EAN07500764001983,Matilda,Pack Bodys Mamelucos X4 Impermeables Niño Talla 12,,Vendible,1
EAN07500764002034,Matilda,Pack Bodys Mamelucos  X4 Impermeables Niña Talla 12,,Vendible,1
EAN07500764002959,Travel Elite,Set 4 Maletas Viaje Rigidas Tour Abs 4 Ruedas,Azul Recto,Vendible,174
EAN07500764002966,Travel Elite,Set 4 Maletas Viaje Rigidas Tour Abs 4 Ruedas,Negro Lineas Horizontales,Vendible,450
EAN07500764002973,Travel Elite,Set 4 Maletas Viaje Rigidas Tour Abs 4 Ruedas,Gris Lineas Horizontales,Vendible,83
EAN07500764002980,Travel Elite,Set 4 Maletas Viaje Rigidas Tour Abs 4 Ruedas,Rojo,Vendible,120
EAN07500764003062,Urban Design,Árbol De Navidad Robusto Verde 1.80cm,Verde,Vendible,27
EAN07500764003079,Urban Design,Árbol De Navidad Robusto Verde 2.10cm,Verde,Vendible,1488
EAN07500764003130,Gran Shopping,Sillon Silla Barbero Barberia Peluqueria Estetica Hidráulico,Blanco,Vendible,19
EAN07502308500044,Urban Design,Set 6 Sillas Tipo Eames Tulip Asiento Acolchado Comedor Sala,Blanco,Vendible,10
EAN07502308500051,Urban Design,Set 6 Sillas Tipo Eames Tulip Asiento Acolchado Comedor Sala,Negro,Vendible,0
EAN07502308500068,Urban Design,Set 6 Sillas Tipo Eames Tulip Asiento Acolchado Comedor Sala,Gris,Vendible,0
EAN07502308500136,Urbanfit Pro,Banca Para Abdominales,Negro,Vendible,85
EAN07502308500143,Urbanfit Pro,Banca De Pesas Para Pecho Y Pierna,Negro,Vendible,189
EAN07502308500150,Urbanfit Pro,Set 4 Piso Caucho Neopreno Profesional Tapete Pesas Gimnasio,Negro,Vendible,1
EAN07502308500167,Urbanfit Pro,Set 12 Piso Caucho Neopreno Profesional Tapete Pesas Gimnasio,Negro,Vendible,94
EAN07502308500181,Jardimanía,Trampolín Infantil 8 Ft 2.43 Mts Diámetro,Verde,Vendible,565
EAN07502308500310,Travel Elite,Set 4 Maletas ABS New Model - Plateado Travel Elite,Plateado,Vendible,3
EAN07502308500334,Travel Elite,Set 4 maletas ABS New Model - Oro Rosa Travel Elite,Oro Rosa,Vendible,279
EAN07502308500396,Travel Elite,Juego Set 4 Maletas Nomad Rigidas Viaje 4 Ruedas ABS Negro,Negro,Vendible,16
EAN07502308500402,Travel Elite,Juego Set 4 Maletas Nomad Rigidas Viaje 4 Ruedas ABS Azul,Azul,Vendible,25
EAN07502308500419,Travel Elite,Juego Set 4 Maletas Nomad Rigidas Viaje 4 Ruedas ABS Gris,Gris,Vendible,42
EAN07502308500426,Travel Elite,Juego Set 4 Maletas Nomad Rigidas Viaje 4 Ruedas ABS Rojo,Rojo,Vendible,15
EAN07502308500457,Urbanfit Pro,Caminadora Eléctrica 2.5 Hp Rocket Inclinación Y Bluetooth,Negro,Vendible,2
EAN07502308501010,Urban Design,"Sofa Cama Palomino Urban Design, Tapiz Elegante y Madera",Gris,Vendible,7
EAN07502308501027,Urban Design,"Sofa Cama Palomino Urban Design, Tapiz Elegante y Madera",Negro,Vendible,2
EAN07502308501034,Urban Design,"Sofa Cama Palomino Urban Design, Tapiz Elegante y Madera",Café,Vendible,3
EAN07502308501041,Urban Design,"Sofá Cama Mitú Urban Design, Tapiz Moderno y Madera",Gris,Vendible,1
EAN07502308501058,Urban Design,"Sofá Cama Mitú Urban Design, Tapiz Moderno y Madera",Negro,Vendible,5
EAN07502308501065,Urban Design,"Sofá Cama Mitú Urban Design, Tapiz Moderno y Madera",Café,Vendible,3
EAN07502308501072,Urban Design,Sofacama Providencia,Gris,Vendible,3
EAN07502308501089,Urban Design,Sofacama Providencia,Azul,Vendible,4
EAN07502308501096,Urban Design,Sofacama Providencia,Negro,Vendible,3
EAN07502308501102,Urban Design,Sofacama Fátima,Gris,Vendible,8
EAN07502308501119,Urban Design,Sofacama Fátima,Negro,Vendible,5
EAN07502308501157,Urban Design,Puff Tolú,Negro,Vendible,4
EAN07502308501164,Travel Elite,Set Kit 2 Maletas Rigidas Grande Bodega Mano 4 Ruedas Viaje,Gris Lineas Horizontales,Vendible,19
EAN07502308501171,Travel Elite,Set Kit 2 Maletas Rigidas Grande Bodega Mano 4 Ruedas Viaje,Azul Recto,Vendible,9
EAN07502308501188,Travel Elite,Set Kit 2 Maletas Rigidas Grande Bodega Mano 4 Ruedas Viaje,Negro Lineas Horizontales,Vendible,341
EAN07502308501201,Travel Elite,Set Kit 2 Maletas Rigidas Mediana Bodega Mano 4 Ruedas Viaje,Gris Lineas Horizontales,Vendible,9
EAN07502308501218,Travel Elite,Set Kit 2 Maletas Rigidas Mediana Bodega Mano 4 Ruedas Viaje,Azul Recto,Vendible,4
EAN07502308501225,Travel Elite,Set Kit 2 Maletas Rigidas Mediana Bodega Mano 4 Ruedas Viaje,Negro Lineas Horizontales,Vendible,233
EAN07502308501249,Travel Elite,Maleta De Viaje Rigida Grande Bodega Policarbonato 4 Ruedas,Gris Lineas Horizontales,Vendible,238
EAN07502308501256,Travel Elite,Maleta De Viaje Rigida Grande Bodega Policarbonato 4 Ruedas,Azul Recto,Vendible,271
EAN07502308501263,Travel Elite,Maleta De Viaje Rigida Grande Bodega Policarbonato 4 Ruedas,Negro Lineas Horizontales,Vendible,1030
EAN07502308501287,Travel Elite,Maleta De Viaje Rigida Mediana Bodega Policarbonato 4 Ruedas,Gris Lineas Horizontales,Vendible,329
EAN07502308501294,Travel Elite,Maleta De Viaje Rigida Mediana Bodega Policarbonato 4 Ruedas,Azul Recto,Vendible,480
EAN07502308501300,Travel Elite,Maleta De Viaje Rigida Mediana Bodega Policarbonato 4 Ruedas,Negro Lineas Horizontales,Vendible,1209
EAN07502308501324,Travel Elite,Maleta De Viaje Rigida Cabina Equipaje Mano 10 Kg Pequeña,Gris Lineas Horizontales,Vendible,261
EAN07502308501331,Travel Elite,Maleta De Viaje Rigida Cabina Equipaje Mano 10 Kg Pequeña,Azul Recto,Vendible,340
EAN07502308501348,Travel Elite,Maleta De Viaje Rigida Cabina Equipaje Mano 10 Kg Pequeña,Negro Lineas Horizontales,Vendible,756
EAN07502308501362,Urban Design,Closet Macondo,Café,Vendible,8
EAN07502308501386,Urban Design,Comoda Nuquí,Café,Vendible,19
EAN07502308501393,Urban Design,Rack para TV Tayrona,Café,Vendible,41
EAN07502308501409,Urban Design,Escritorio Salento,Café,Vendible,1
EAN07502308501416,Urban Design,Escritorio pared Múcura,Café,Vendible,36
EAN07502308501508,Urbanfit Pro,Bicicleta Estática Spinning Profesional Gimnasio 7kg Monitor New Model,Negro,Vendible,2328
EAN07502308501768,Urban Design,Silla Tolix Acero Comedor Sala Jardin Bar Restaurante,Plateado,Vendible,1910
EAN07502308501775,Urbanfit Pro,Bicicleta Spinning 15 Kg Nuevo Modelo,Negro,Vendible,308
EAN07502308501799,Urban Design,Set Silla  x2 Tolix Acero Comedor Sala Jardin Bar Restaurante,Negro,Vendible,13
EAN07502308501980,Urbanfit Pro,"Kit Abdominales en Casa UrbanFit Pro, Máquina + Pelota + Mat",Kit,Vendible,10
EAN07502308501997,Urbanfit Pro,"Kit Abdominales en Casa UrbanFit Pro, Máquina + Cuerda + Mat",Kit,Vendible,10
EAN07502308502000,Urbanfit Pro,"Kit Abdominales en Casa UrbanFit Pro, Máquina + Ligas + Mat",Kit,Vendible,9
EAN07502308502222,Urban Design,Silla Gamer Oficina De Escritorio Ergónomica Cómoda Stark,Rojo,Vendible,12
EAN07502308502253,Urban Design,Silla Gamer Oficina De Escritorio Ergónomica Cómoda Stark,Azul,Vendible,4
EAN07502308502420,Urbanfit Pro,Mini Bicicleta Spinning Plegable Urban Fit Pro,Negro,Vendible,248
EAN07502308502451,Urbanfit Pro,Walking Pad Urban Fit Pro,Negro,Vendible,205
EAN07502308502475,Urbanfit Pro,Caminadora Trotadora Electrica 100% original 2.55hp STAR,Negro,Vendible,257
EAN07502308502499,Urbanfit Pro,Caminadora de 1.25hp NOVA Urban Fit Pro,Negro,Vendible,456
EAN07502308502505,Urbanfit Pro,Caminadora 1.75hp TITAN,Negro,Vendible,1845
EAN07502308502512,Travel Elite,Set 3 maletas rígidas Travel Elite Azul Travel Elite,Azul,Vendible,0
EAN07502308502536,Travel Elite,Set 3 maletas rígidas Travel Elite Negro Travel Elite,Negro,Vendible,0
EAN07502308502543,Jardimanía,Mesa Plegable Comedor Redonda Jardin Exterior Banquetera,Blanco,Vendible,100
EAN07502308502567,Jardimanía,Mesa plegable rectangular 0.5,Blanco,Vendible,150
EAN07502308502598,Jardimanía,Juego Balcón Poltronas Rattan,Café,Vendible,100
EAN07502308502604,Jardimanía,Juego de comedor poltronas rattan,Café,Vendible,50
EAN07502308502611,Jardimanía,Juego de comedor sillas plegables,Café,Vendible,100
EAN07502308503588,Jardimanía,Tapete De Follaje Artificial Jardin Vertical 40x60cms Unidad,N/A,Vendible,9512
EAN07502308503595,Urbanfit Pro,Bicicleta Estática Spinning Profesional Gimnasio 7kg Monitor New Model,Blanco,Vendible,469
EAN07502308504363,Travel Elite,Set 2 Maletas Viaje Rígidas ABS 27 y 23 Pulgadas 4 Ruedas,Kit,Vendible,29
EAN07502308505261,Travel Elite,Maleta Sky Grande ABS 28 pulgadas Plateada,Silver,Vendible,1
EAN07502308505278,Travel Elite,Maleta Sky Mediana ABS 24 pulgadas Plateada,Silver,Vendible,67
EAN07502308505308,Travel Elite,Set 2 Maletas Sky Grande y Mano 28 y 16 Pulgadas Plateada,Silver,Vendible,1
EAN07502308505315,Travel Elite,Maleta Sky Grande ABS 28 pulgadas Azul,Blue,Vendible,42
EAN07502308505322,Travel Elite,Maleta Sky Mediana ABS 24 pulgadas Azul,Blue,Vendible,95
EAN07502308505353,Travel Elite,Set 2 Maletas Sky Grande y Mano 28 y 16 Pulgadas Azul,Blue,Vendible,2
EAN07502308505360,Travel Elite,Maleta Sky Grande ABS 28 pulgadas Oro Rosa,Gold/Pink,Vendible,1
EAN07502308505377,Travel Elite,Maleta Sky Mediana ABS 24 pulgadas Oro Rosa,Gold/Pink,Vendible,28
EAN07502308505391,Travel Elite,Maleta Sky Mano Carry-On ABS 16 pulgadas Oro Rosa,Gold/Pink,Vendible,2
EAN07502308505629,Urban Design,Silla Alfa De Escritorio Gamer Ergónomica Comoda Tapizado De Cuero Sintético,Negro,Vendible,50
EAN07502308505636,Urban Design,Silla Alfa De Escritorio Gamer Ergónomica Comoda Tapizado De Cuero Sintético,Rojo,Vendible,105
EAN07502308505643,Urban Design,Silla Alfa De Escritorio Gamer Ergónomica Comoda Tapizado De Cuero Sintético,Blanco,Vendible,2
EAN07502308505650,Urban Design,Silla Alfa De Escritorio Gamer Ergónomica Comoda Tapizado De Cuero Sintético,Verde,Vendible,47
EAN07502308505667,Urban Design,Silla Alfa De Escritorio Gamer Ergónomica Comoda Tapizado De Cuero Sintético,Azul,Vendible,112
EAN07502308505698,Travel Elite,Set Kit 2 Maletas Nomad ABS Grande Mano 4 Ruedas Viaje Negro,Negro,Vendible,20
EAN07502308505704,Travel Elite,Set Kit 2 Maletas Nomad ABS Grande Mano 4 Ruedas Viaje Azul,Azul,Vendible,18
EAN07502308505711,Travel Elite,Set Kit 2 Maletas Nomad ABS Grande Mano 4 Ruedas Viaje Gris,Gris,Vendible,18
EAN07502308505728,Travel Elite,Set Kit 2 Maletas Nomad ABS Grande Mano 4 Ruedas Viaje Rojo,Rojo,Vendible,9
EAN07502308505735,Travel Elite,Set Kit 2 Maletas Nomad ABS Mediana Carry On 4 Ruedas Viaje Negro,Negro,Vendible,6
EAN07502308505742,Travel Elite,Set Kit 2 Maletas Nomad ABS Mediana Carry On 4 Ruedas Viaje Azul,Azul,Vendible,25
EAN07502308505759,Travel Elite,Set Kit 2 Maletas Nomad ABS Mediana Carry On 4 Ruedas Viaje Gris,Gris,Vendible,19
EAN07502308505766,Travel Elite,Set Kit 2 Maletas Nomad ABS Mediana Carry On 4 Ruedas Viaje Rojo,Rojo,Vendible,9
EAN07502308505773,Travel Elite,Maleta De Viaje Grande Travel Elite Abs Nomad 28 Pulgadas Negro,Negro,Vendible,14
EAN07502308505780,Travel Elite,Maleta De Viaje Grande Travel Elite Abs Nomad 28 Pulgadas Azul,Azul,Vendible,7
EAN07502308505797,Travel Elite,Maleta De Viaje Grande Travel Elite Abs Nomad 28 Pulgadas Gris,Gris,Vendible,65
EAN07502308505803,Travel Elite,Maleta De Viaje Grande Travel Elite Abs Nomad 28 Pulgadas Rojo,Rojo,Vendible,26
EAN07502308505810,Travel Elite,Maleta De Viaje Mediana Travel Elite Abs Nomad 24 Pulgadas Negro,Negro,Vendible,82
EAN07502308505827,Travel Elite,Maleta De Viaje Mediana Travel Elite Abs Nomad 24 Pulgadas Azul,Azul,Vendible,40
EAN07502308505834,Travel Elite,Maleta De Viaje Mediana Travel Elite Abs Nomad 24 Pulgadas Gris,Gris,Vendible,63
EAN07502308505841,Travel Elite,Maleta De Viaje Mediana Travel Elite Abs Nomad 24 Pulgadas Rojo,Rojo,Vendible,26
EAN07502308505865,Travel Elite,Maleta De Viaje Pequeña Mano Travel Elite Abs Nomad 20 Pulgadas,Azul,Vendible,2
EAN07502308505872,Travel Elite,Maleta De Viaje Pequeña Mano Travel Elite Abs Nomad 20 Pulgadas,Gris,Vendible,12
EAN07502308505889,Travel Elite,Maleta De Viaje Pequeña Mano Travel Elite Abs Nomad 20 Pulgadas,Rojo,Vendible,4
EAN07502308505896,Travel Elite,Maleta Viaje Mano Carry On Travel Elite Abs Nomad 16 Pulgada Negro,Negro,Vendible,56
EAN07502308505902,Travel Elite,Maleta Viaje Mano Carry On Travel Elite Abs Nomad 16 Pulgada Azul,Azul,Vendible,20
EAN07502308505919,Travel Elite,Maleta Viaje Mano Carry On Travel Elite Abs Nomad 16 Pulgada Gris,Gris,Vendible,27
EAN07502308505926,Travel Elite,Maleta Viaje Mano Carry On Travel Elite Abs Nomad 16 Pulgada Rojo,Rojo,Vendible,1
EAN07502308506794,,,,Vendible,58
EAN07502308512184,Urban Design,Colchon en Caja BiBox Romance Relax Tamaño Doble 140x190x24 cm,Blanco,Vendible,22
EAN07503021493026,Power&Co,"Soporte TV Fijo con inclinación P&Co Pantallas de 32"" a 75""",Negro,Vendible,420
EAN07503023571531,Urbanfit Pro,Barra Z Semi Olimpica Estándar Gym Pesas Mancuernas,,Vendible,250
EAN07503024282764,Power&Co,"Soporte de TV Extensible Giratorio P&Co 26"" a 55"" 1 Brazo",Negro,Vendible,766
EAN07503027231493,Power&Co,Soporte de TV Extensible Power & Co 3 Brazos 26″ a 50″,Negro,Vendible,1173
EAN07503027231639,Power&Co,Soporte de TV Extensible Power & Co 3 Brazos 26″ a 60″,Negro,Vendible,771
EAN07503030938266,Power&Co,"Soporte de TV Fijo Power & Co, Delgado, TVs de 26"" a 65""",Negro,Vendible,513
EAN07503030938273,Power&Co,"Soporte Fijo de TV Power & Co Soporte Pantallas 32"" a 75""",Negro,Vendible,446
EAN07503030938280,Power&Co,"Soporte de TV con Inclinación Power & Co., Delgado 26"" a 65""",Negro,Vendible,513
EAN07503034488002,Mr Pets,COMEDERO TEXTIL PARA MASCOTAS VERDE,,Vendible,1
EAN07503034488019,Mr Pets,COMEDERO TEXTIL DE MASCOTAS GRIS,,Vendible,1
EAN07503034488101,Urban Design,Arbol de Navidad 210cm Deluxe 1120T,Verde,Vendible,237
EAN07506134951858,Urban Design,Kit 6 Sillas Eames Patas En Madera Para Comedor - Sala,Blanco,Vendible,29
EAN07506436801189,Masho,Bata natación T4 Rosa,,Vendible,1
EAN07506436804098,Masho,Taquito Flanel Gris,,Vendible,1
EAN07589111835211,Urban Design,Silla Tipo Eames Tulip Asiento Acolchado Comedor Sala,Negro,Vendible,51
EAN07591542831793,Urban Design,Silla Eames Moderna Patas En Madera Para Comedor - Sala,Gris,Vendible,0
EAN07591542831816,Urban Design,Silla Eames Moderna Patas En Madera Para Comedor - Sala,Negro,Vendible,6
EAN07708113176003,Jardimanía,Toldo Carpa Plegable Parasol Ideal Para Eventos 3x3 Metros,Verde,Vendible,134
EAN07708113176102,Jardimanía,Silla Cama plegable asoleadora jardín exterior piscina,Beige,Vendible,560
EAN07708113176133,Jardimanía,Tapete Follaje Artificial Jardín Vertical 40x60cm X 20 Unds,N/A,Vendible,806
EAN07708113176171,Gran Shopping,Zapatera Organizador de Zapatos individual 10 Pares,,Vendible,1039
EAN07708113176188,Urban Design,Silla Gamer Oficina Giratoria Ergonómica Reclinable PC,Rojo,Vendible,109
EAN07708113176225,Urban Design,Silla Gamer Oficina Giratoria Ergonómica Reclinable PC,Negro,Vendible,79
EAN07708113176355,Urban Design,Silla Gamer Oficina Giratoria Ergonómica Reclinable PC,Azul,Vendible,159
EAN07708113176454,Urbanfit Pro,Bicicleta Estática Urbanfit Pro Sh-612 Para Spinning Blanca,Blanco,Vendible,1
EAN07708113176508,Urbanfit Pro,Bicicleta estática UrbanFit Pro 617M para spinning Blanca,Blanco,Vendible,233
EAN07708113176515,Urbanfit Pro,Luz Trasera + Delantera Led Recargable Bicicletas Ruta Mtb,Negro,Vendible,159
EAN07708113176539,Jardimanía,Tapete Follaje Artificial Jardín Vertical 40x60cm X 10 Unds,N/A,Vendible,1545
EAN07708113176607,Jardimanía,Tapete Follaje Artificial Jardín Vertical 40x60cm X 50 Unds,N/A,Vendible,207
EAN07708113176614,Urban Design,Closet Armario Doble Desarmable Portatil Con Forro,Azul,Vendible,909
EAN07708113176652,Jardimanía,Silla Cama plegable asoleadora jardín exterior piscina,Negro,Vendible,1218
EAN07708113176805,Urbanfit Pro,Bicicleta Estatica Spinning Profesional Indoor 18 Kg Cardio-Negro,Negro,Vendible,91
EAN07708113176829,Urban Design,Closet Armario Doble Desarmable Portatil Con Forro,Gris,Vendible,1144
EAN07708113176843,Urbanfit Pro,Bicicleta Estática Urbanfit Pro 617m Para Spinning Negra,Negro,Vendible,496
EAN07708113176997,Urban Design,Closet Armario Doble Desarmable Portatil Con Forro,Negro,Vendible,1482
EAN07708736468172,Urban Design,Kit 6 Sillas Eames Patas En Madera Para Comedor - Sala,Gris,Vendible,11
EAN07708736468998,Urban Design,Kit 6 Sillas Eames Patas En Madera Para Comedor - Sala,Rojo,Vendible,25
EAN07709533047959,Urban Design,"Silla De Comedor Urban Design Dc-04, Estructura Color Rojo, 2 Unidades",Rojo,Vendible,3
EAN07709533047973,Urban Design,Sillas Eames Silla Minimalista Moderna Paquete De 4,Rojo,Vendible,2
EAN07752542831804,Urban Design,Silla Eames Moderna Patas En Madera Para Comedor - Sala,Blanco,Vendible,8
EAN07752542831835,Urban Design,Silla Eames Moderna Patas En Madera Para Comedor - Sala,Rojo,Vendible,3
EAN07807999914751,Jardimanía,Silla Jardín Plegable Asoleadora Exterior Portátil Piscina,Gris,Vendible,21
EAN75002308502529,,,,Vendible,0
MAT270356,,,,Insumos,900
MAT270358,,,,Insumos,720
MAT271249,,,,Insumos,450
MAT274676,,,,Insumos,620
MAT274677,,,,Insumos,290
MAT281019,,,,Insumos,2842
MAT281020,,,,Insumos,2210
MAT281021,,,,Insumos,3240
REP0001,,,,Repuestos,2
REP0002,,,,Repuestos,2
REP0003,,,,Repuestos,2
REP0004,,,,Repuestos,4
REP0005,,,,Repuestos,1
REP0006,,,,Repuestos,2
REP0007,,,,Repuestos,4
REP0008,,,,Repuestos,2
REP0009,,,,Repuestos,2
REP0010,,,,Repuestos,2
REP0011,,,,Repuestos,1
REP0012,,,,Repuestos,1
REP0013,,,,Repuestos,4
REP0014,,,,Repuestos,2
REP0015,,,,Repuestos,2
REP0016,,,,Repuestos,1
REP0017,,,,Repuestos,3
REP0018,,,,Repuestos,2
REP0019,,,,Repuestos,3
REP0020,,,,Repuestos,3
REP0021,,,,Repuestos,1
REP0022,,,,Repuestos,2
REP0023,,,,Repuestos,3
REP0024,,,,Repuestos,1
REP0025,,,,Repuestos,2
REP0026,,,,Repuestos,2
REP0027,,,,Repuestos,2
REP0028,,,,Repuestos,1
REP0029,,,,Repuestos,2
REP0030,,,,Repuestos,2
REP0031,,,,Repuestos,2
REP0032,,,,Repuestos,2
REP0033,,,,Repuestos,2
REP0034,,,,Repuestos,1
REP0035,,,,Repuestos,2
REP0036,,,,Repuestos,2
EAN07500764001587,Urban Design,Silla Tipo Eames Tulip Asiento Acolchado Comedor Sala,Blanco,Pend. Maquila,1255
EAN07500764001594,Urban Design,Silla Tipo Eames Tulip Asiento Acolchado Comedor Sala,Gris,Pend. Maquila,146
EAN07500764002959,Travel Elite,Set 4 Maletas Viaje Rigidas Tour Abs 4 Ruedas,Azul Recto,Pend. Maquila,228
EAN07500764002966,Travel Elite,Set 4 Maletas Viaje Rigidas Tour Abs 4 Ruedas,Negro Lineas Horizontales,Pend. Maquila,436
EAN07500764002973,Travel Elite,Set 4 Maletas Viaje Rigidas Tour Abs 4 Ruedas,Gris Lineas Horizontales,Pend. Maquila,16
EAN07502308500396,Travel Elite,Juego Set 4 Maletas Nomad Rigidas Viaje 4 Ruedas ABS Negro,Negro,Pend. Maquila,112
EAN07502308500402,Travel Elite,Juego Set 4 Maletas Nomad Rigidas Viaje 4 Ruedas ABS Azul,Azul,Pend. Maquila,145
EAN07502308500419,Travel Elite,Juego Set 4 Maletas Nomad Rigidas Viaje 4 Ruedas ABS Gris,Gris,Pend. Maquila,83
EAN07502308500426,Travel Elite,Juego Set 4 Maletas Nomad Rigidas Viaje 4 Ruedas ABS Rojo,Rojo,Pend. Maquila,85
EAN07502308502512,Travel Elite,Set 3 maletas rígidas Travel Elite Azul Travel Elite,Azul,Pend. Maquila,299
EAN07502308502536,Travel Elite,Set 3 maletas rígidas Travel Elite Negro Travel Elite,Negro,Pend. Maquila,850
EAN07589111835211,Urban Design,Silla Tipo Eames Tulip Asiento Acolchado Comedor Sala,Negro,Pend. Maquila,1156
EAN07591542831793,Urban Design,Silla Eames Moderna Patas En Madera Para Comedor - Sala,Gris,Pend. Maquila,3477
EAN07752542831804,Urban Design,Silla Eames Moderna Patas En Madera Para Comedor - Sala,Blanco,Pend. Maquila,5206
EAN07752542831835,Urban Design,Silla Eames Moderna Patas En Madera Para Comedor - Sala,Rojo,Pend. Maquila,177
EAN75002308502529,,,,Pend. Maquila,224
